<?xml version="1.0" encoding="UTF-8"?>
<project-private xmlns="http://www.netbeans.org/ns/project-private/1">
    <editor-bookmarks xmlns="http://www.netbeans.org/ns/editor-bookmarks/2" lastBookmarkId="0"/>
    <open-files xmlns="http://www.netbeans.org/ns/projectui-open-files/2">
        <group name="Test">
            <file>file:/D:/Users/Komarova/Program/vertrigo/www/school_exchange/pages/user/code_cup.php</file>
            <file>file:/D:/Users/Komarova/Program/vertrigo/www/school_exchange/pages/user/seller.php</file>
            <file>file:/D:/Users/Komarova/Program/vertrigo/www/school_exchange/pages/user/code_my_cup.php</file>
            <file>file:/D:/Users/Komarova/Program/vertrigo/www/school_exchange/pages/user/exchange.php</file>
            <file>file:/D:/Users/Komarova/Program/vertrigo/www/school_exchange/pages/user/questions.php</file>
            <file>file:/D:/Users/Komarova/Program/vertrigo/www/school_exchange/assets/css/style.css</file>
            <file>file:/D:/Users/Komarova/Program/vertrigo/www/school_exchange/pages/user/code_offer.php</file>
            <file>file:/D:/Users/Komarova/Program/vertrigo/www/school_exchange/pages/config.php</file>
            <file>file:/D:/Users/Komarova/Program/vertrigo/www/school_exchange/pages/graph/graph.php</file>
            <file>file:/D:/Users/Komarova/Program/vertrigo/www/school_exchange/assets/css/main.css</file>
            <file>file:/D:/Users/Komarova/Program/vertrigo/www/school_exchange/pages/start.php</file>
            <file>file:/D:/Users/Komarova/Program/vertrigo/www/school_exchange/pages/user/archive.php</file>
            <file>file:/D:/Users/Komarova/Program/vertrigo/www/school_exchange/pages/user/offer.php</file>
            <file>file:/D:/Users/Komarova/Program/vertrigo/www/school_exchange/index.php</file>
            <file>file:/D:/Users/Komarova/Program/vertrigo/www/school_exchange/pages/user/cup_processing.php</file>
            <file>file:/D:/Users/Komarova/Program/vertrigo/www/school_exchange/pages/user/cup.php</file>
            <file>file:/D:/Users/Komarova/Program/vertrigo/www/school_exchange/pages/user/user_broker.php</file>
            <file>file:/D:/Users/Komarova/Program/vertrigo/www/school_exchange/pages/user/bank.php</file>
            <file>file:/D:/Users/Komarova/Program/vertrigo/www/school_exchange/pages/user/customer.php</file>
            <file>file:/D:/Users/Komarova/Program/vertrigo/www/school_exchange/pages/user/create_account.php</file>
            <file>file:/D:/Users/Komarova/Program/vertrigo/www/school_exchange/pages/graph/draw.php</file>
            <file>file:/D:/Users/Komarova/Program/vertrigo/www/school_exchange/pages/user/my_cup.php</file>
        </group>
    </open-files>
</project-private>
